턎쩠,첂醯,얲쮩,쥡옷쩠
촍277턎[촋퉫] (2017.11.01 ~ 2017.12.20),칲챯썒쌼쎀천 쮇첞턂,쮇첞턂,4.0
촍277턎[촋퉫] (2017.11.01 ~ 2017.12.20),칲챯썒쌼쎀천 쮇첞턂,턆썭줮탺,1.0
촍277턎[촋퉫] (2017.11.01 ~ 2017.12.20),칲챯썒쌼쎀천 쮇첞턂,첞썁,1.0
촍277턎[촋퉫] (2017.11.01 ~ 2017.12.20),칲챯썒쌼쎀천 쮇첞턂,첞썒,1.0
촍277턎[촋퉫] (2017.11.01 ~ 2017.12.20),칲챯썒쌼쎀천 쮇첞턂,쐉얯챻,4.0
촍277턎[촋퉫] (2017.11.01 ~ 2017.12.20),칲챯썒쌼쎀천 쮇첞턂,얾쐆젏,4.0
촍277턎[촋퉫] (2017.11.01 ~ 2017.12.20),칲챯썒쌼쎀천 쮇첞턂,젌졽,1.0
촍277턎[촋퉫] (2017.11.01 ~ 2017.12.20),칲챯썒쌼쎀천 쮇첞턂,절얶,1.0
촍277턎[촋퉫] (2017.11.01 ~ 2017.12.20),칲챯썒쌼쎀천 쮇첞턂,쏩챯쵔扈,2.0
촍277턎[촋퉫] (2017.11.01 ~ 2017.12.20),칲챯썒쌼쎀천 쮇첞턂,쟡쭺,14.0
촍277턎[촋퉫] (2017.11.01 ~ 2017.12.20),칲챯썒쌼쎀천 쮇첞턂,쏯쏩,1.0
촍277턎[촋퉫] (2017.11.01 ~ 2017.12.20),칲챯썒쌼쎀천 쮇첞턂,찗쎂,1.0
촍277턎[촋퉫] (2017.11.01 ~ 2017.12.20),칲챯썒쌼쎀천 쮇첞턂,얙쌰,1.0
촍277턎[촋퉫] (2017.11.01 ~ 2017.12.20),칲챯썒쌼쎀천 쮇첞턂,湊,1.0
촍277턎[촋퉫] (2017.11.01 ~ 2017.12.20),칲챯썒쌼쎀천 쮇첞턂,컠쫔퀉컠,2.0
촍277턎[촋퉫] (2017.11.01 ~ 2017.12.20),칲챯썒쌼쎀천 쮇첞턂,쮥쐑,5.0
촍277턎[촋퉫] (2017.11.01 ~ 2017.12.20),칲챯썒쌼쎀천 쮇첞턂,햨풪,6.0
촍277턎[촋퉫] (2017.11.01 ~ 2017.12.20),칲챯썒쌼쎀천 쮇첞턂,쏮쨬,1.0
촍277턎[촋퉫] (2017.11.01 ~ 2017.12.20),칲챯썒쌼쎀천 쮇첞턂,蛋쟡謀,1.0
촍277턎[촋퉫] (2017.11.01 ~ 2017.12.20),칲챯썒쌼쎀천 쮇첞턂,촋쨠,2.0
촍277턎[촋퉫] (2017.11.01 ~ 2017.12.20),칲챯썒쌼쎀천 쮇첞턂,젌첂,2.0
촍277턎[촋퉫] (2017.11.01 ~ 2017.12.20),칲챯썒쌼쎀천 쮇첞턂,첔졽,1.0
촍277턎[촋퉫] (2017.11.01 ~ 2017.12.20),칲챯썒쌼쎀천 쮇첞턂,쌰옷,1.0
촍277턎[촋퉫] (2017.11.01 ~ 2017.12.20),칲챯썒쌼쎀천 쮇첞턂,챦,1.0
촍277턎[촋퉫] (2017.11.01 ~ 2017.12.20),칲챯썒쌼쎀천 쮇첞턂,쐑쵘,1.0
촍277턎[촋퉫] (2017.11.01 ~ 2017.12.20),칲챯썒쌼쎀천 쮇첞턂,옷,1.0
촍277턎[촋퉫] (2017.11.01 ~ 2017.12.20),칲챯썒쌼쎀천 쮇첞턂,옷절,1.0
촍277턎[촋퉫] (2017.11.01 ~ 2017.12.20),칲챯썒쌼쎀천 쮇첞턂,촺쩠,1.0
촍277턎[촋퉫] (2017.11.01 ~ 2017.12.20),칲챯썒쌼쎀천 쮇첞턂,쟞콠,1.0
촍277턎[촋퉫] (2017.11.01 ~ 2017.12.20),칲챯썒쌼쎀천 쮇첞턂,썯쫚,2.0
촍277턎[촋퉫] (2017.11.01 ~ 2017.12.20),칲챯썒쌼쎀천 쮇첞턂,줮쾖,1.0
촍277턎[촋퉫] (2017.11.01 ~ 2017.12.20),칲챯썒쌼쎀천 쮇첞턂,썐씱,1.0
촍277턎[촋퉫] (2017.11.01 ~ 2017.12.20),칲챯썒쌼쎀천 쮇첞턂,젌쥃,1.0
촍277턎[촋퉫] (2017.11.01 ~ 2017.12.20),칲챯썒쌼쎀천 쮇첞턂,썐쐑,2.0
촍277턎[촋퉫] (2017.11.01 ~ 2017.12.20),칲챯썒쌼쎀천 쮇첞턂,胄,6.0
촍277턎[촋퉫] (2017.11.01 ~ 2017.12.20),칲챯썒쌼쎀천 쮇첞턂,쮢,1.0
촍277턎[촋퉫] (2017.11.01 ~ 2017.12.20),칲챯썒쌼쎀천 쮇첞턂,썾큉,1.0
촍277턎[촋퉫] (2017.11.01 ~ 2017.12.20),칲챯썒쌼쎀천 쮇첞턂,줯,1.0
촍277턎[촋퉫] (2017.11.01 ~ 2017.12.20),칲챯썒쌼쎀천 쮇첞턂,썧졺,1.0
촍277턎[촋퉫] (2017.11.01 ~ 2017.12.20),칲챯썒쌼쎀천 쮇첞턂,,2.0
촍277턎[촋퉫] (2017.11.01 ~ 2017.12.20),칲챯썒쌼쎀천 쮇첞턂,쫛,1.0
촍277턎[촋퉫] (2017.11.01 ~ 2017.12.20),칲챯썒쌼쎀천 쮇첞턂,쟨얔쮭,2.0
촍277턎[촋퉫] (2017.11.01 ~ 2017.12.20),칲챯썒쌼쎀천 쮇첞턂,챮,3.0
촍277턎[촋퉫] (2017.11.01 ~ 2017.12.20),칲챯썒쌼쎀천 쮇첞턂,옷,1.0
촍277턎[촋퉫] (2017.11.01 ~ 2017.12.20),칲챯썒쌼쎀천 쮇첞턂,呼,1.0
촍277턎[촋퉫] (2017.11.01 ~ 2017.12.20),칲챯썒쌼쎀천 쮇첞턂,慧,1.0
촍277턎[촋퉫] (2017.11.01 ~ 2017.12.20),칲챯썒쌼쎀천 쮇첞턂,얄쌰,1.0
촍277턎[촋퉫] (2017.11.01 ~ 2017.12.20),칲챯썒쌼쎀천 쮇첞턂,쥁젏얪,1.0
촍277턎[촋퉫] (2017.11.01 ~ 2017.12.20),칲챯썒쌼쎀천 쮇첞턂,点칮쒢,1.0
촍277턎[촋퉫] (2017.11.01 ~ 2017.12.20),칲챯썒쌼쎀천 쮇첞턂,칲徘햫,1.0
촍277턎[촋퉫] (2017.11.01 ~ 2017.12.20),칲챯썒쌼쎀천 쮇첞턂,쏩챯쥁,7.0
촍277턎[촋퉫] (2017.11.01 ~ 2017.12.20),칲챯썒쌼쎀천 쮇첞턂,졽쩢,1.0
촍277턎[촋퉫] (2017.11.01 ~ 2017.12.20),칲챯썒쌼쎀천 쮇첞턂,퀧쒖쒢,1.0
촍277턎[촋퉫] (2017.11.01 ~ 2017.12.20),칲챯썒쌼쎀천 쮇첞턂,써찗,1.0
촍277턎[촋퉫] (2017.11.01 ~ 2017.12.20),칲챯썒쌼쎀천 쮇첞턂,쮅쟜,1.0
촍277턎[촋퉫] (2017.11.01 ~ 2017.12.20),칲챯썒쌼쎀천 쮇첞턂,첉쐑,1.0
촍277턎[촋퉫] (2017.11.01 ~ 2017.12.20),칲챯썒쌼쎀천 쮇첞턂,쨤쩠,1.0
촍277턎[촋퉫] (2017.11.01 ~ 2017.12.20),칲챯썒쌼쎀천 쮇첞턂,킳,1.0
촍277턎[촋퉫] (2017.11.01 ~ 2017.12.20),칲챯썒쌼쎀천 쮇첞턂,쩙퀉퀉익,1.0
촍277턎[촋퉫] (2017.11.01 ~ 2017.12.20),칲챯썒쌼쎀천 쮇첞턂,씱쟵쵔,1.0
촍277턎[촋퉫] (2017.11.01 ~ 2017.12.20),칲챯썒쌼쎀천 쮇첞턂,칮쒢,1.0
촍277턎[촋퉫] (2017.11.01 ~ 2017.12.20),칲챯썒쌼쎀천 쮇첞턂,癤,1.0
촍277턎[촋퉫] (2017.11.01 ~ 2017.12.20),칲챯썒쌼쎀천 쮇첞턂,좣썴,1.0
촍277턎[촋퉫] (2017.11.01 ~ 2017.12.20),칲챯썒쌼쎀천 쮇첞턂,쮇첲,3.0
촍277턎[촋퉫] (2017.11.01 ~ 2017.12.20),칲챯썒쌼쎀천 쮇첞턂,쩡좤,1.0
촍277턎[촋퉫] (2017.11.01 ~ 2017.12.20),칲챯썒쌼쎀천 쮇첞턂,Ы,4.0
촍277턎[촋퉫] (2017.11.01 ~ 2017.12.20),칲챯썒쌼쎀천 쮇첞턂,첎츁,2.0
촍277턎[촋퉫] (2017.11.01 ~ 2017.12.20),칲챯썒쌼쎀천 쮇첞턂,쐆썧,3.0
촍277턎[촋퉫] (2017.11.01 ~ 2017.12.20),칲챯썒쌼쎀천 쮇첞턂,턄쌰,1.0
촍277턎[촋퉫] (2017.11.01 ~ 2017.12.20),칲챯썒쌼쎀천 쮇첞턂,暮,1.0
촍277턎[촋퉫] (2017.11.01 ~ 2017.12.20),칲챯썒쌼쎀천 쮇첞턂,킳쵘,1.0
촍277턎[촋퉫] (2017.11.01 ~ 2017.12.20),칲챯썒쌼쎀천 쮇첞턂,쌰썧,1.0
촍277턎[촋퉫] (2017.11.01 ~ 2017.12.20),칲챯썒쌼쎀천 쮇첞턂,償,1.0
촍277턎[촋퉫] (2017.11.01 ~ 2017.12.20),칲챯썒쌼쎀천 쮇첞턂,個쮇첲쥁,1.0
촍277턎[촋퉫] (2017.11.01 ~ 2017.12.20),칲챯썒쌼쎀천 쮇첞턂,퀊촋,3.0
촍277턎[촋퉫] (2017.11.01 ~ 2017.12.20),칲챯썒쌼쎀천 쮇첞턂,舟,1.0
촍277턎[촋퉫] (2017.11.01 ~ 2017.12.20),칲챯썒쌼쎀천 쮇첞턂,젏옫,2.0
촍277턎[촋퉫] (2017.11.01 ~ 2017.12.20),칲챯썒쌼쎀천 쮇첞턂,찣,2.0
촍277턎[촋퉫] (2017.11.01 ~ 2017.12.20),칲챯썒쌼쎀천 쮇첞턂,찟쮢,1.0
촍277턎[촋퉫] (2017.11.01 ~ 2017.12.20),칲챯썒쌼쎀천 쮇첞턂,첔쒳쟞,1.0
촍277턎[촋퉫] (2017.11.01 ~ 2017.12.20),칲챯썒쌼쎀천 쮇첞턂,촻쐑,1.0
촍277턎[촋퉫] (2017.11.01 ~ 2017.12.20),칲챯썒쌼쎀천 쮇첞턂,썁쵖,1.0
촍277턎[촋퉫] (2017.11.01 ~ 2017.12.20),칲챯썒쌼쎀천 쮇첞턂,쐑썯,1.0
촍277턎[촋퉫] (2017.11.01 ~ 2017.12.20),칲챯썒쌼쎀천 쮇첞턂,쨥쥠,1.0
촍277턎[촋퉫] (2017.11.01 ~ 2017.12.20),칲챯썒쌼쎀천 쮇첞턂,좈쌰,1.0
촍277턎[촋퉫] (2017.11.01 ~ 2017.12.20),칲챯썒쌼쎀천 쮇첞턂,촋촋,1.0
촍277턎[촋퉫] (2017.11.01 ~ 2017.12.20),칲챯썒쌼쎀천 쮇첞턂,쵕촉,2.0
촍277턎[촋퉫] (2017.11.01 ~ 2017.12.20),칲챯썒쌼쎀천 쮇첞턂,湛,2.0
촍277턎[촋퉫] (2017.11.01 ~ 2017.12.20),칲챯썒쌼쎀천 쮇첞턂,챦蒡,1.0
촍277턎[촋퉫] (2017.11.01 ~ 2017.12.20),칲챯썒쌼쎀천 쮇첞턂,홏,2.0
촍277턎[촋퉫] (2017.11.01 ~ 2017.12.20),칲챯썒쌼쎀천 쮇첞턂,쐉썞,1.0
촍277턎[촋퉫] (2017.11.01 ~ 2017.12.20),칲챯썒쌼쎀천 쮇첞턂,촋쫛,1.0
촍277턎[촋퉫] (2017.11.01 ~ 2017.12.20),칲챯썒쌼쎀천 쮇첞턂,쌷쮇,1.0
촍277턎[촋퉫] (2017.11.01 ~ 2017.12.20),칲챯썒쌼쎀천 쮇첞턂,첞,1.0
촍277턎[촋퉫] (2017.11.01 ~ 2017.12.20),칲챯썒쌼쎀천 쮇첞턂,쥁쨠,1.0
촍277턎[촋퉫] (2017.11.01 ~ 2017.12.20),칲챯썒쌼쎀천 쮇첞턂,졽첂,1.0
촍277턎[촋퉫] (2017.11.01 ~ 2017.12.20),칲챯썒쌼쎀천 쮇첞턂,썐쵔,1.0
촍277턎[촋퉫] (2017.11.01 ~ 2017.12.20),칲챯썒쌼쎀천 쮇첞턂,쐉썐,1.0
촍277턎[촋퉫] (2017.11.01 ~ 2017.12.20),칲챯썒쌼쎀천 쮇첞턂,찣,2.0
촍277턎[촋퉫] (2017.11.01 ~ 2017.12.20),칲챯썒쌼쎀천 쮇첞턂,첰좾,1.0
촍277턎[촋퉫] (2017.11.01 ~ 2017.12.20),칲챯썒쌼쎀천 쮇첞턂,졺쐑썯個,1.0
촍277턎[촋퉫] (2017.11.01 ~ 2017.12.20),칲챯썒쌼쎀천 쮇첞턂,쎂썯옷,1.0
촍277턎[촋퉫] (2017.11.01 ~ 2017.12.20),칲챯썒쌼쎀천 쮇첞턂,촋,1.0
